,Position,Mutation,Class,Probability,Norm probability,Region
0,14,T[C>A]A,T[C>A]A,9.633123286186018e-05,0.0016880956443893656,R0
1,14,T[C>G]A,T[C>G]A,1.0685462824530146e-07,1.872506218023867e-06,R0
2,18,A[T>G]G,A[T>G]G,1.1685035349363403e-05,0.00020476699707645813,R0
3,18,A[T>A]G,A[T>A]G,2.28861552256634e-07,4.010539241064507e-06,R0
4,22,T[C>T]A,T[C>T]A,3.706237697160727e-06,6.494761385043777e-05,R0
5,26,T[T>A]G,T[T>A]G,4.116240583680357e-06,7.213244961303375e-05,R0
6,29,T[T>G]A,T[T>G]A,0.00013221686455989462,0.0023169506560602204,R0
7,29,T[T>A]A,T[T>A]A,1.5927220566636605e-05,0.00027910648360873465,R0
8,31,A[G>T]A,T[C>A]T,0.0004356358198584444,0.007634023859090363,R0
9,34,G[C>T]A,G[C>T]A,2.705281226101724e-06,4.740698648775144e-05,R0
10,40,T[G>T]A,T[C>A]A,9.633123286186018e-05,0.0016880956443893656,R0
11,49,G[G>T]A,T[C>A]C,1.0755988636426527e-05,0.00018848650670017506,R0
12,55,G[G>T]A,T[C>A]C,1.0755988636426527e-05,0.00018848650670017506,R0
13,62,T[C>A]A,T[C>A]A,9.633123286186018e-05,0.0016880956443893656,R0
14,62,T[C>G]A,T[C>G]A,1.0685462824530146e-07,1.872506218023867e-06,R0
15,70,T[C>T]G,T[C>T]G,0.00031277469834784503,0.005481021993285836,R0
16,73,A[C>T]A,A[C>T]A,2.0592204322864285e-06,3.6085503520599094e-05,R0
17,76,A[G>T]A,T[C>A]T,0.0004356358198584444,0.007634023859090363,R0
18,82,A[G>T]A,T[C>A]T,0.0004356358198584444,0.007634023859090363,R0
19,106,A[G>T]A,T[C>A]T,0.0004356358198584444,0.007634023859090363,R0
20,112,G[G>T]A,T[C>A]C,1.0755988636426527e-05,0.00018848650670017506,R0
21,118,T[G>T]A,T[C>A]A,9.633123286186018e-05,0.0016880956443893656,R0
22,133,G[G>T]A,T[C>A]C,1.0755988636426527e-05,0.00018848650670017506,R0
23,136,G[G>T]A,T[C>A]C,1.0755988636426527e-05,0.00018848650670017506,R0
24,145,T[G>T]A,T[C>A]A,9.633123286186018e-05,0.0016880956443893656,R0
25,148,A[C>T]A,A[C>T]A,2.0592204322864285e-06,3.6085503520599094e-05,R0
26,154,A[C>T]A,A[C>T]A,2.0592204322864285e-06,3.6085503520599094e-05,R0
27,157,A[G>T]G,C[C>A]T,1.9645677529335254e-05,0.00034426822623464214,R0
28,166,T[G>T]A,T[C>A]A,9.633123286186018e-05,0.0016880956443893656,R0
29,172,T[G>T]A,T[C>A]A,9.633123286186018e-05,0.0016880956443893656,R0
30,190,T[G>T]G,C[C>A]A,5.4951935986491646e-06,9.629703786993398e-05,R0
31,193,A[C>T]A,A[C>T]A,2.0592204322864285e-06,3.6085503520599094e-05,R0
33,203,T[T>A]A,T[T>A]A,1.5927220566636605e-05,0.00027910648360873465,R0
32,203,T[T>G]A,T[T>G]A,0.00013221686455989462,0.0023169506560602204,R0
34,206,T[T>G]A,T[T>G]A,0.00013221686455989462,0.0023169506560602204,R0
35,206,T[T>A]A,T[T>A]A,1.5927220566636605e-05,0.00027910648360873465,R0
36,208,A[G>T]A,T[C>A]T,0.0004356358198584444,0.007634023859090363,R0
37,217,T[G>T]A,T[C>A]A,9.633123286186018e-05,0.0016880956443893656,R0
38,220,A[G>T]A,T[C>A]T,0.0004356358198584444,0.007634023859090363,R0
39,230,T[T>G]A,T[T>G]A,0.00013221686455989462,0.0023169506560602204,R0
40,230,T[T>A]A,T[T>A]A,1.5927220566636605e-05,0.00027910648360873465,R0
41,250,T[G>T]G,C[C>A]A,5.4951935986491646e-06,9.629703786993398e-05,R0
42,256,A[G>T]A,T[C>A]T,0.0004356358198584444,0.007634023859090363,R0
44,266,T[C>G]A,T[C>G]A,1.0685462824530146e-07,1.872506218023867e-06,R0
43,266,T[C>A]A,T[C>A]A,9.633123286186018e-05,0.0016880956443893656,R0
45,268,A[G>T]A,T[C>A]T,0.0004356358198584444,0.007634023859090363,R0
46,288,A[T>G]G,A[T>G]G,1.1685035349363403e-05,0.00020476699707645813,R0
47,288,A[T>A]G,A[T>A]G,2.28861552256634e-07,4.010539241064507e-06,R0
48,289,T[G>T]G,C[C>A]A,5.4951935986491646e-06,9.629703786993398e-05,R0
49,298,G[G>T]A,T[C>A]C,1.0755988636426527e-05,0.00018848650670017506,R0
50,301,A[G>T]G,C[C>A]T,1.9645677529335254e-05,0.00034426822623464214,R0
51,311,T[C>A]A,T[C>A]A,9.633123286186018e-05,0.0016880956443893656,R0
52,311,T[C>G]A,T[C>G]A,1.0685462824530146e-07,1.872506218023867e-06,R0
53,322,T[G>T]G,C[C>A]A,5.4951935986491646e-06,9.629703786993398e-05,R0
54,325,A[G>T]A,T[C>A]T,0.0004356358198584444,0.007634023859090363,R0
55,330,G[C>A]A,G[C>A]A,2.393721219775862e-06,4.194725059504447e-05,R0
56,350,T[C>A]A,T[C>A]A,9.633123286186018e-05,0.0016880956443893656,R0
57,350,T[C>G]A,T[C>G]A,1.0685462824530146e-07,1.872506218023867e-06,R0
58,358,A[G>T]G,C[C>A]T,1.9645677529335254e-05,0.00034426822623464214,R0
59,361,A[G>T]G,C[C>A]T,1.9645677529335254e-05,0.00034426822623464214,R0
60,376,T[G>T]G,C[C>A]A,5.4951935986491646e-06,9.629703786993398e-05,R0
61,382,C[G>T]G,C[C>A]G,1.536721464364397e-07,2.6929301469163126e-06,R0
62,385,A[G>T]A,T[C>A]T,0.0004356358198584444,0.007634023859090363,R0
63,394,T[G>T]G,C[C>A]A,5.4951935986491646e-06,9.629703786993398e-05,R0
64,399,A[T>G]T,A[T>G]T,0.00022149160699843783,0.0038813893057824604,R0
65,399,A[T>A]T,A[T>A]T,2.9143785813977567e-05,0.0005107118058391483,R0
67,401,T[T>A]A,T[T>A]A,1.5927220566636605e-05,0.00027910648360873465,R0
66,401,T[T>G]A,T[T>G]A,0.00013221686455989462,0.0023169506560602204,R0
68,403,A[G>T]A,T[C>A]T,0.0004356358198584444,0.007634023859090363,R0
69,406,A[G>T]A,T[C>A]T,0.0004356358198584444,0.007634023859090363,R0
70,412,T[G>T]A,T[C>A]A,9.633123286186018e-05,0.0016880956443893656,R0
71,415,G[G>T]A,T[C>A]C,1.0755988636426527e-05,0.00018848650670017506,R0
72,418,A[G>T]A,T[C>A]T,0.0004356358198584444,0.007634023859090363,R0
73,425,T[C>A]A,T[C>A]A,9.633123286186018e-05,0.0016880956443893656,R0
74,425,T[C>G]A,T[C>G]A,1.0685462824530146e-07,1.872506218023867e-06,R0
75,428,T[T>A]G,T[T>A]G,4.116240583680357e-06,7.213244961303375e-05,R0
76,448,C[G>T]A,T[C>A]G,2.4610683699630226e-06,4.3127433050053765e-05,R0
77,451,A[G>T]A,T[C>A]T,0.0004356358198584444,0.007634023859090363,R0
78,454,A[G>T]A,T[C>A]T,0.0004356358198584444,0.007634023859090363,R0
79,457,A[G>T]A,T[C>A]T,0.0004356358198584444,0.007634023859090363,R0
80,460,G[G>T]A,T[C>A]C,1.0755988636426527e-05,0.00018848650670017506,R0
81,463,A[G>T]A,T[C>A]T,0.0004356358198584444,0.007634023859090363,R0
82,470,T[G>A]G,C[C>T]A,3.0475338046587114e-07,5.340457491238611e-06,R0
83,471,G[G>A]T,A[C>T]C,7.330831859843283e-06,0.00012846451731909528,R0
84,474,A[T>G]T,A[T>G]T,0.00022149160699843783,0.0038813893057824604,R0
85,474,A[T>A]T,A[T>A]T,2.9143785813977567e-05,0.0005107118058391483,R0
86,477,A[C>A]G,A[C>A]G,9.303536859923076e-07,1.630339359735335e-05,R0
87,477,A[C>G]G,A[C>G]G,1.1411521913218873e-18,1.99973984192468e-17,R0
88,481,T[C>T]A,T[C>T]A,3.706237697160727e-06,6.494761385043777e-05,R0
89,487,T[C>T]A,T[C>T]A,3.706237697160727e-06,6.494761385043777e-05,R0
90,499,T[G>T]A,T[C>A]A,9.633123286186018e-05,0.0016880956443893656,R0
91,502,A[G>T]G,C[C>A]T,1.9645677529335254e-05,0.00034426822623464214,R0
92,521,T[T>G]A,T[T>G]A,0.00013221686455989462,0.0023169506560602204,R0
93,521,T[T>A]A,T[T>A]A,1.5927220566636605e-05,0.00027910648360873465,R0
94,526,T[G>T]A,T[C>A]A,9.633123286186018e-05,0.0016880956443893656,R0
95,539,T[T>G]A,T[T>G]A,0.00013221686455989462,0.0023169506560602204,R0
96,539,T[T>A]A,T[T>A]A,1.5927220566636605e-05,0.00027910648360873465,R0
97,541,A[C>T]A,A[C>T]A,2.0592204322864285e-06,3.6085503520599094e-05,R0
98,556,C[G>T]G,C[C>A]G,1.536721464364397e-07,2.6929301469163126e-06,R0
99,562,G[C>T]A,G[C>T]A,2.705281226101724e-06,4.740698648775144e-05,R0
100,566,T[T>A]G,T[T>A]G,4.116240583680357e-06,7.213244961303375e-05,R0
101,568,G[G>T]A,T[C>A]C,1.0755988636426527e-05,0.00018848650670017506,R0
102,573,A[T>G]G,A[T>G]G,1.1685035349363403e-05,0.00020476699707645813,R0
103,573,A[T>A]G,A[T>A]G,2.28861552256634e-07,4.010539241064507e-06,R0
104,574,T[G>T]A,T[C>A]A,9.633123286186018e-05,0.0016880956443893656,R0
105,583,G[C>T]A,G[C>T]A,2.705281226101724e-06,4.740698648775144e-05,R0
106,589,C[G>T]G,C[C>A]G,1.536721464364397e-07,2.6929301469163126e-06,R0
107,601,G[G>T]A,T[C>A]C,1.0755988636426527e-05,0.00018848650670017506,R0
108,604,A[G>T]A,T[C>A]T,0.0004356358198584444,0.007634023859090363,R0
109,607,A[C>T]A,A[C>T]A,2.0592204322864285e-06,3.6085503520599094e-05,R0
110,621,G[C>A]C,G[C>A]C,4.105109785616797e-06,7.19373949960476e-05,R0
111,622,C[C>T]A,C[C>T]A,3.0475338046587114e-07,5.340457491238611e-06,R0
112,631,G[G>T]A,T[C>A]C,1.0755988636426527e-05,0.00018848650670017506,R0
113,634,A[G>T]A,T[C>A]T,0.0004356358198584444,0.007634023859090363,R0
114,637,A[C>T]G,A[C>T]G,2.475624420838359e-05,0.0004338251133932887,R0
115,643,A[C>T]A,A[C>T]A,2.0592204322864285e-06,3.6085503520599094e-05,R0
116,646,G[C>T]G,G[C>T]G,7.115462165156175e-05,0.001246904075861063,R0
117,649,A[G>T]G,C[C>A]T,1.9645677529335254e-05,0.00034426822623464214,R0
118,658,C[G>T]G,C[C>A]G,1.536721464364397e-07,2.6929301469163126e-06,R0
119,664,T[C>T]A,T[C>T]A,3.706237697160727e-06,6.494761385043777e-05,R0
120,667,G[C>T]A,G[C>T]A,2.705281226101724e-06,4.740698648775144e-05,R0
121,673,C[G>T]A,T[C>A]G,2.4610683699630226e-06,4.3127433050053765e-05,R0
122,676,A[G>T]A,T[C>A]T,0.0004356358198584444,0.007634023859090363,R0
123,694,A[C>T]G,A[C>T]G,2.475624420838359e-05,0.0004338251133932887,R0
124,697,A[C>T]A,A[C>T]A,2.0592204322864285e-06,3.6085503520599094e-05,R0
126,704,T[T>A]A,T[T>A]A,1.5927220566636605e-05,0.00027910648360873465,R0
125,704,T[T>G]A,T[T>G]A,0.00013221686455989462,0.0023169506560602204,R0
127,706,A[C>T]A,A[C>T]A,2.0592204322864285e-06,3.6085503520599094e-05,R0
128,712,C[C>T]A,C[C>T]A,3.0475338046587114e-07,5.340457491238611e-06,R0
129,721,A[G>T]A,T[C>A]T,0.0004356358198584444,0.007634023859090363,R0
130,727,A[G>T]A,T[C>A]T,0.0004356358198584444,0.007634023859090363,R0
131,734,T[C>A]A,T[C>A]A,9.633123286186018e-05,0.0016880956443893656,R0
132,734,T[C>G]A,T[C>G]A,1.0685462824530146e-07,1.872506218023867e-06,R0
133,739,T[C>T]A,T[C>T]A,3.706237697160727e-06,6.494761385043777e-05,R0
134,745,C[G>T]A,T[C>A]G,2.4610683699630226e-06,4.3127433050053765e-05,R0
135,751,T[G>T]A,T[C>A]A,9.633123286186018e-05,0.0016880956443893656,R0
137,761,T[C>G]A,T[C>G]A,1.0685462824530146e-07,1.872506218023867e-06,R0
136,761,T[C>A]A,T[C>A]A,9.633123286186018e-05,0.0016880956443893656,R0
138,772,T[G>T]A,T[C>A]A,9.633123286186018e-05,0.0016880956443893656,R0
139,778,G[C>T]A,G[C>T]A,2.705281226101724e-06,4.740698648775144e-05,R0
140,784,T[G>T]A,T[C>A]A,9.633123286186018e-05,0.0016880956443893656,R0
141,790,T[C>T]A,T[C>T]A,3.706237697160727e-06,6.494761385043777e-05,R0
142,793,A[G>T]G,C[C>A]T,1.9645677529335254e-05,0.00034426822623464214,R0
143,799,G[G>T]G,C[C>A]C,3.0774222932405203e-06,5.3928336789955824e-05,R0
144,802,A[G>T]A,T[C>A]T,0.0004356358198584444,0.007634023859090363,R0
145,832,T[C>T]A,T[C>T]A,3.706237697160727e-06,6.494761385043777e-05,R0
146,839,T[C>A]A,T[C>A]A,9.633123286186018e-05,0.0016880956443893656,R0
147,839,T[C>G]A,T[C>G]A,1.0685462824530146e-07,1.872506218023867e-06,R0
148,847,A[C>T]G,A[C>T]G,2.475624420838359e-05,0.0004338251133932887,R0
149,859,T[G>T]A,T[C>A]A,9.633123286186018e-05,0.0016880956443893656,R0
150,875,T[T>A]G,T[T>A]G,4.116240583680357e-06,7.213244961303375e-05,R0
151,904,T[C>T]G,T[C>T]G,0.00031277469834784503,0.005481021993285836,R0
152,925,G[G>T]G,C[C>A]C,3.0774222932405203e-06,5.3928336789955824e-05,R0
153,931,C[G>T]A,T[C>A]G,2.4610683699630226e-06,4.3127433050053765e-05,R0
154,937,G[G>T]A,T[C>A]C,1.0755988636426527e-05,0.00018848650670017506,R0
155,948,A[T>G]T,A[T>G]T,0.00022149160699843783,0.0038813893057824604,R0
156,948,A[T>A]T,A[T>A]T,2.9143785813977567e-05,0.0005107118058391483,R0
157,950,T[C>A]A,T[C>A]A,9.633123286186018e-05,0.0016880956443893656,R0
158,950,T[C>G]A,T[C>G]A,1.0685462824530146e-07,1.872506218023867e-06,R0
159,953,T[T>A]G,T[T>A]G,4.116240583680357e-06,7.213244961303375e-05,R0
160,956,T[T>A]G,T[T>A]G,4.116240583680357e-06,7.213244961303375e-05,R0
161,959,T[C>A]A,T[C>A]A,9.633123286186018e-05,0.0016880956443893656,R0
162,959,T[C>G]A,T[C>G]A,1.0685462824530146e-07,1.872506218023867e-06,R0
163,979,T[G>T]A,T[C>A]A,9.633123286186018e-05,0.0016880956443893656,R0
164,992,T[C>A]G,T[C>A]G,2.4610683699630226e-06,4.3127433050053765e-05,R0
165,994,G[C>T]G,G[C>T]G,7.115462165156175e-05,0.001246904075861063,R0
166,1001,T[T>A]G,T[T>A]G,4.116240583680357e-06,7.213244961303375e-05,R0
167,1021,C[C>T]A,C[C>T]A,3.0475338046587114e-07,5.340457491238611e-06,R0
168,1032,G[T>A]A,G[T>A]A,3.776025750503345e-07,6.617057036597438e-06,R0
169,1042,G[C>T]G,G[C>T]G,7.115462165156175e-05,0.001246904075861063,R0
170,1045,A[C>T]A,A[C>T]A,2.0592204322864285e-06,3.6085503520599094e-05,R0
171,1051,T[G>T]G,C[C>A]A,5.4951935986491646e-06,9.629703786993398e-05,R0
172,1056,G[T>A]C,G[T>A]C,6.516468888347432e-07,1.1419372949366082e-05,R0
173,1072,C[C>T]A,C[C>T]A,3.0475338046587114e-07,5.340457491238611e-06,R0
174,1079,T[T>G]A,T[T>G]A,0.00013221686455989462,0.0023169506560602204,R0
175,1079,T[T>A]A,T[T>A]A,1.5927220566636605e-05,0.00027910648360873465,R0
176,1093,C[G>T]A,T[C>A]G,2.4610683699630226e-06,4.3127433050053765e-05,R0
177,1106,T[T>A]G,T[T>A]G,4.116240583680357e-06,7.213244961303375e-05,R0
178,1109,T[T>A]G,T[T>A]G,4.116240583680357e-06,7.213244961303375e-05,R0
179,1111,G[G>T]G,C[C>A]C,3.0774222932405203e-06,5.3928336789955824e-05,R0
180,1129,T[G>T]A,T[C>A]A,9.633123286186018e-05,0.0016880956443893656,R0
181,1132,A[G>T]A,T[C>A]T,0.0004356358198584444,0.007634023859090363,R0
183,1178,T[C>G]A,T[C>G]A,1.0685462824530146e-07,1.872506218023867e-06,R0
182,1178,T[C>A]A,T[C>A]A,9.633123286186018e-05,0.0016880956443893656,R0
184,1180,A[C>T]A,A[C>T]A,2.0592204322864285e-06,3.6085503520599094e-05,R0
185,1192,C[G>T]A,T[C>A]G,2.4610683699630226e-06,4.3127433050053765e-05,R0
186,1195,G[G>T]G,C[C>A]C,3.0774222932405203e-06,5.3928336789955824e-05,R0
187,1207,T[G>T]A,T[C>A]A,9.633123286186018e-05,0.0016880956443893656,R0
188,1213,C[C>T]G,C[C>T]G,5.294621692233575e-06,9.27822426000285e-05,R0
189,1229,T[T>A]G,T[T>A]G,4.116240583680357e-06,7.213244961303375e-05,R0
190,1231,G[G>T]A,T[C>A]C,1.0755988636426527e-05,0.00018848650670017506,R0
191,1234,A[C>T]A,A[C>T]A,2.0592204322864285e-06,3.6085503520599094e-05,R0
193,1248,A[C>G]T,A[C>G]T,4.055264410378625e-08,7.106391130511245e-07,R0
192,1248,A[C>A]T,A[C>A]T,1.8692213334068737e-05,0.00032755984716283364,R0
194,1251,G[T>A]G,G[T>A]G,5.789200923710754e-07,1.0144918292310437e-05,R0
195,1252,T[G>T]A,T[C>A]A,9.633123286186018e-05,0.0016880956443893656,R0
196,1260,G[T>A]T,G[T>A]T,2.975139356544144e-06,5.2135944283362374e-05,R0
197,1262,T[G>A]G,C[C>T]A,3.0475338046587114e-07,5.340457491238611e-06,R0
198,1263,G[G>A]G,C[C>T]C,2.7027504907652153e-07,4.736263822009469e-06,R0
199,1264,G[G>T]A,T[C>A]C,1.0755988636426527e-05,0.00018848650670017506,R0
200,1268,T[G>A]G,C[C>T]A,3.0475338046587114e-07,5.340457491238611e-06,R0
201,1269,G[G>A]C,G[C>T]C,3.8612286044689456e-05,0.0006766365378654191,R0
202,1270,G[C>T]A,G[C>T]A,2.705281226101724e-06,4.740698648775144e-05,R0
203,1273,G[G>T]A,T[C>A]C,1.0755988636426527e-05,0.00018848650670017506,R0
204,1282,T[G>T]A,T[C>A]A,9.633123286186018e-05,0.0016880956443893656,R0
205,1297,C[C>T]A,C[C>T]A,3.0475338046587114e-07,5.340457491238611e-06,R0
206,1303,C[G>T]A,T[C>A]G,2.4610683699630226e-06,4.3127433050053765e-05,R0
207,1327,T[G>T]A,T[C>A]A,9.633123286186018e-05,0.0016880956443893656,R0
208,1333,T[C>T]A,T[C>T]A,3.706237697160727e-06,6.494761385043777e-05,R0
209,1341,G[T>A]C,G[T>A]C,6.516468888347432e-07,1.1419372949366082e-05,R0
210,1353,G[T>A]G,G[T>A]G,5.789200923710754e-07,1.0144918292310437e-05,R0
211,1363,G[G>T]A,T[C>A]C,1.0755988636426527e-05,0.00018848650670017506,R0
212,1370,T[C>A]A,T[C>A]A,9.633123286186018e-05,0.0016880956443893656,R0
213,1370,T[C>G]A,T[C>G]A,1.0685462824530146e-07,1.872506218023867e-06,R0
214,1378,T[G>T]A,T[C>A]A,9.633123286186018e-05,0.0016880956443893656,R0
215,1381,A[G>T]A,T[C>A]T,0.0004356358198584444,0.007634023859090363,R0
216,1387,T[G>T]G,C[C>A]A,5.4951935986491646e-06,9.629703786993398e-05,R0
217,1402,T[G>T]A,T[C>A]A,9.633123286186018e-05,0.0016880956443893656,R0
218,1411,G[G>T]G,C[C>A]C,3.0774222932405203e-06,5.3928336789955824e-05,R0
219,1417,A[C>T]A,A[C>T]A,2.0592204322864285e-06,3.6085503520599094e-05,R0
220,1429,A[G>T]A,T[C>A]T,0.0004356358198584444,0.007634023859090363,R0
221,1433,T[T>G]A,T[T>G]A,0.00013221686455989462,0.0023169506560602204,R0
222,1433,T[T>A]A,T[T>A]A,1.5927220566636605e-05,0.00027910648360873465,R0
223,1436,T[T>A]G,T[T>A]G,4.116240583680357e-06,7.213244961303375e-05,R0
224,1438,G[C>T]A,G[C>T]A,2.705281226101724e-06,4.740698648775144e-05,R0
225,1449,G[T>A]G,G[T>A]G,5.789200923710754e-07,1.0144918292310437e-05,R0
226,1450,T[G>T]A,T[C>A]A,9.633123286186018e-05,0.0016880956443893656,R0
228,1458,A[T>A]G,A[T>A]G,2.28861552256634e-07,4.010539241064507e-06,R0
227,1458,A[T>G]G,A[T>G]G,1.1685035349363403e-05,0.00020476699707645813,R0
229,1479,A[C>A]A,A[C>A]A,3.305631943484524e-06,5.7927452187315684e-05,R0
230,1479,A[C>G]A,A[C>G]A,2.5325613261023814e-07,4.438026605424087e-06,R0
231,1492,A[G>T]G,C[C>A]T,1.9645677529335254e-05,0.00034426822623464214,R0
232,1495,A[C>T]G,A[C>T]G,2.475624420838359e-05,0.0004338251133932887,R0
233,1500,A[T>G]G,A[T>G]G,1.1685035349363403e-05,0.00020476699707645813,R0
234,1500,A[T>A]G,A[T>A]G,2.28861552256634e-07,4.010539241064507e-06,R0
235,1504,T[G>T]G,C[C>A]A,5.4951935986491646e-06,9.629703786993398e-05,R0
236,1514,T[T>A]G,T[T>A]G,4.116240583680357e-06,7.213244961303375e-05,R0
237,1523,T[T>A]G,T[T>A]G,4.116240583680357e-06,7.213244961303375e-05,R0
238,1531,T[G>T]G,C[C>A]A,5.4951935986491646e-06,9.629703786993398e-05,R0
239,1546,C[G>T]A,T[C>A]G,2.4610683699630226e-06,4.3127433050053765e-05,R0
240,1560,G[C>A]T,G[C>A]T,1.5492239831657074e-05,0.00027148393936947206,R0
241,1567,G[G>T]A,T[C>A]C,1.0755988636426527e-05,0.00018848650670017506,R0
242,1575,G[C>A]A,G[C>A]A,2.393721219775862e-06,4.194725059504447e-05,R0
243,1579,G[G>T]G,C[C>A]C,3.0774222932405203e-06,5.3928336789955824e-05,R0
244,1594,C[C>T]A,C[C>T]A,3.0475338046587114e-07,5.340457491238611e-06,R0
245,1600,A[G>T]A,T[C>A]T,0.0004356358198584444,0.007634023859090363,R0
246,1606,T[G>T]A,T[C>A]A,9.633123286186018e-05,0.0016880956443893656,R0
247,1612,T[G>T]A,T[C>A]A,9.633123286186018e-05,0.0016880956443893656,R0
248,1619,T[T>G]A,T[T>G]A,0.00013221686455989462,0.0023169506560602204,R0
249,1619,T[T>A]A,T[T>A]A,1.5927220566636605e-05,0.00027910648360873465,R0
250,1621,A[C>T]A,A[C>T]A,2.0592204322864285e-06,3.6085503520599094e-05,R0
251,1624,G[C>T]A,G[C>T]A,2.705281226101724e-06,4.740698648775144e-05,R0
252,1643,T[T>A]G,T[T>A]G,4.116240583680357e-06,7.213244961303375e-05,R0
253,1652,T[T>A]G,T[T>A]G,4.116240583680357e-06,7.213244961303375e-05,R0
254,1658,T[G>A]G,C[C>T]A,3.0475338046587114e-07,5.340457491238611e-06,R0
255,1659,G[G>A]C,G[C>T]C,3.8612286044689456e-05,0.0006766365378654191,R0
256,1660,G[C>T]G,G[C>T]G,7.115462165156175e-05,0.001246904075861063,R0
257,1678,T[G>T]A,T[C>A]A,9.633123286186018e-05,0.0016880956443893656,R0
258,1681,A[G>T]A,T[C>A]T,0.0004356358198584444,0.007634023859090363,R0
259,1688,T[T>A]G,T[T>A]G,4.116240583680357e-06,7.213244961303375e-05,R0
260,1690,G[C>T]G,G[C>T]G,7.115462165156175e-05,0.001246904075861063,R0
261,1693,A[G>T]A,T[C>A]T,0.0004356358198584444,0.007634023859090363,R0
262,1699,T[G>T]G,C[C>A]A,5.4951935986491646e-06,9.629703786993398e-05,R0
263,1708,G[G>T]A,T[C>A]C,1.0755988636426527e-05,0.00018848650670017506,R0
264,1715,T[T>A]G,T[T>A]G,4.116240583680357e-06,7.213244961303375e-05,R0
265,1720,G[G>T]A,T[C>A]C,1.0755988636426527e-05,0.00018848650670017506,R0
266,1725,G[T>A]G,G[T>A]G,5.789200923710754e-07,1.0144918292310437e-05,R0
267,1730,T[T>G]A,T[T>G]A,0.00013221686455989462,0.0023169506560602204,R0
268,1730,T[T>A]A,T[T>A]A,1.5927220566636605e-05,0.00027910648360873465,R0
269,1732,A[G>T]A,T[C>A]T,0.0004356358198584444,0.007634023859090363,R0
270,1738,T[G>T]A,T[C>A]A,9.633123286186018e-05,0.0016880956443893656,R0
271,1741,A[G>T]A,T[C>A]T,0.0004356358198584444,0.007634023859090363,R0
272,1744,G[G>T]A,T[C>A]C,1.0755988636426527e-05,0.00018848650670017506,R0
274,1748,T[C>G]A,T[C>G]A,1.0685462824530146e-07,1.872506218023867e-06,R0
273,1748,T[C>A]A,T[C>A]A,9.633123286186018e-05,0.0016880956443893656,R0
275,1756,C[G>T]A,T[C>A]G,2.4610683699630226e-06,4.3127433050053765e-05,R0
276,1766,T[T>A]G,T[T>A]G,4.116240583680357e-06,7.213244961303375e-05,R0
277,1775,T[T>G]A,T[T>G]A,0.00013221686455989462,0.0023169506560602204,R0
278,1775,T[T>A]A,T[T>A]A,1.5927220566636605e-05,0.00027910648360873465,R0
279,1778,T[G>A]G,C[C>T]A,3.0475338046587114e-07,5.340457491238611e-06,R0
280,1779,G[G>A]A,T[C>T]C,2.2854556928509947e-05,0.00040050019977208703,R0
281,1784,T[T>A]G,T[T>A]G,4.116240583680357e-06,7.213244961303375e-05,R0
282,1787,T[C>A]A,T[C>A]A,9.633123286186018e-05,0.0016880956443893656,R0
283,1787,T[C>G]A,T[C>G]A,1.0685462824530146e-07,1.872506218023867e-06,R0
284,1797,G[C>A]A,G[C>A]A,2.393721219775862e-06,4.194725059504447e-05,R0
285,1801,T[G>T]A,T[C>A]A,9.633123286186018e-05,0.0016880956443893656,R0
286,1807,T[G>T]A,T[C>A]A,9.633123286186018e-05,0.0016880956443893656,R0
287,1821,G[T>A]G,G[T>A]G,5.789200923710754e-07,1.0144918292310437e-05,R0
288,1847,T[T>A]G,T[T>A]G,4.116240583680357e-06,7.213244961303375e-05,R0
289,1866,A[C>A]C,A[C>A]C,8.97730039349224e-06,0.00015731701175631098,R0
290,1866,A[C>G]C,A[C>G]C,2.9809721715946297e-07,5.223815775441152e-06,R0
291,1873,C[C>T]A,C[C>T]A,3.0475338046587114e-07,5.340457491238611e-06,R0
292,1886,T[T>G]A,T[T>G]A,0.00013221686455989462,0.0023169506560602204,R0
293,1886,T[T>A]A,T[T>A]A,1.5927220566636605e-05,0.00027910648360873465,R0
294,1897,T[G>T]A,T[C>A]A,9.633123286186018e-05,0.0016880956443893656,R0
295,1903,T[G>T]G,C[C>A]A,5.4951935986491646e-06,9.629703786993398e-05,R0
297,1916,T[T>A]A,T[T>A]A,1.5927220566636605e-05,0.00027910648360873465,R0
296,1916,T[T>G]A,T[T>G]A,0.00013221686455989462,0.0023169506560602204,R0
298,1934,T[T>A]G,T[T>A]G,4.116240583680357e-06,7.213244961303375e-05,R0
299,1948,T[G>T]A,T[C>A]A,9.633123286186018e-05,0.0016880956443893656,R0
300,1960,G[C>T]A,G[C>T]A,2.705281226101724e-06,4.740698648775144e-05,R0
301,1969,A[G>T]G,C[C>A]T,1.9645677529335254e-05,0.00034426822623464214,R0
302,1972,A[G>T]A,T[C>A]T,0.0004356358198584444,0.007634023859090363,R0
303,1983,G[T>A]C,G[T>A]C,6.516468888347432e-07,1.1419372949366082e-05,R0
304,1987,A[C>T]A,A[C>T]A,2.0592204322864285e-06,3.6085503520599094e-05,R0
305,1994,T[T>G]A,T[T>G]A,0.00013221686455989462,0.0023169506560602204,R0
306,1994,T[T>A]A,T[T>A]A,1.5927220566636605e-05,0.00027910648360873465,R0
308,1997,T[T>A]A,T[T>A]A,1.5927220566636605e-05,0.00027910648360873465,R0
307,1997,T[T>G]A,T[T>G]A,0.00013221686455989462,0.0023169506560602204,R0
309,1999,A[C>T]A,A[C>T]A,2.0592204322864285e-06,3.6085503520599094e-05,R0
310,2006,T[T>G]A,T[T>G]A,0.00013221686455989462,0.0023169506560602204,R0
311,2006,T[T>A]A,T[T>A]A,1.5927220566636605e-05,0.00027910648360873465,R0
312,2008,A[G>T]A,T[C>A]T,0.0004356358198584444,0.007634023859090363,R0
313,2021,T[T>A]G,T[T>A]G,4.116240583680357e-06,7.213244961303375e-05,R0
314,2043,G[T>A]G,G[T>A]G,5.789200923710754e-07,1.0144918292310437e-05,R0
315,2044,T[G>T]G,C[C>A]A,5.4951935986491646e-06,9.629703786993398e-05,R0
316,2051,T[T>A]G,T[T>A]G,4.116240583680357e-06,7.213244961303375e-05,R0
317,2054,T[G>A]G,C[C>T]A,3.0475338046587114e-07,5.340457491238611e-06,R0
318,2055,G[G>A]A,T[C>T]C,2.2854556928509947e-05,0.00040050019977208703,R0
320,2063,T[C>G]A,T[C>G]A,1.0685462824530146e-07,1.872506218023867e-06,R0
319,2063,T[C>A]A,T[C>A]A,9.633123286186018e-05,0.0016880956443893656,R0
321,2068,A[G>T]G,C[C>A]T,1.9645677529335254e-05,0.00034426822623464214,R0
322,2077,T[G>T]A,T[C>A]A,9.633123286186018e-05,0.0016880956443893656,R0
323,2083,C[C>T]A,C[C>T]A,3.0475338046587114e-07,5.340457491238611e-06,R0
324,2086,G[G>T]A,T[C>A]C,1.0755988636426527e-05,0.00018848650670017506,R0
325,2093,T[T>G]A,T[T>G]A,0.00013221686455989462,0.0023169506560602204,R0
326,2093,T[T>A]A,T[T>A]A,1.5927220566636605e-05,0.00027910648360873465,R0
327,2096,T[G>A]G,C[C>T]A,3.0475338046587114e-07,5.340457491238611e-06,R0
328,2097,G[G>A]G,C[C>T]C,2.7027504907652153e-07,4.736263822009469e-06,R0
329,2122,C[G>T]A,T[C>A]G,2.4610683699630226e-06,4.3127433050053765e-05,R0
331,2138,T[C>G]A,T[C>G]A,1.0685462824530146e-07,1.872506218023867e-06,R0
330,2138,T[C>A]A,T[C>A]A,9.633123286186018e-05,0.0016880956443893656,R0
332,2140,A[G>T]A,T[C>A]T,0.0004356358198584444,0.007634023859090363,R0
333,2146,C[G>T]A,T[C>A]G,2.4610683699630226e-06,4.3127433050053765e-05,R0
334,2161,G[G>T]G,C[C>A]C,3.0774222932405203e-06,5.3928336789955824e-05,R0
335,2177,T[T>G]A,T[T>G]A,0.00013221686455989462,0.0023169506560602204,R0
336,2177,T[T>A]A,T[T>A]A,1.5927220566636605e-05,0.00027910648360873465,R0
337,2206,G[G>T]A,T[C>A]C,1.0755988636426527e-05,0.00018848650670017506,R0
338,2211,A[C>A]A,A[C>A]A,3.305631943484524e-06,5.7927452187315684e-05,R0
339,2211,A[C>G]A,A[C>G]A,2.5325613261023814e-07,4.438026605424087e-06,R0
340,2212,C[G>T]A,T[C>A]G,2.4610683699630226e-06,4.3127433050053765e-05,R0
342,2240,T[C>G]A,T[C>G]A,1.0685462824530146e-07,1.872506218023867e-06,R0
341,2240,T[C>A]A,T[C>A]A,9.633123286186018e-05,0.0016880956443893656,R0
343,2246,T[T>A]G,T[T>A]G,4.116240583680357e-06,7.213244961303375e-05,R0
344,2266,G[G>T]A,T[C>A]C,1.0755988636426527e-05,0.00018848650670017506,R0
345,2269,A[C>T]A,A[C>T]A,2.0592204322864285e-06,3.6085503520599094e-05,R0
346,2272,A[G>T]A,T[C>A]T,0.0004356358198584444,0.007634023859090363,R0
347,2281,A[G>T]A,T[C>A]T,0.0004356358198584444,0.007634023859090363,R0
348,2287,A[G>T]A,T[C>A]T,0.0004356358198584444,0.007634023859090363,R0
349,2291,T[T>G]A,T[T>G]A,0.00013221686455989462,0.0023169506560602204,R0
350,2291,T[T>A]A,T[T>A]A,1.5927220566636605e-05,0.00027910648360873465,R0
351,2299,T[C>T]A,T[C>T]A,3.706237697160727e-06,6.494761385043777e-05,R0
353,2306,T[T>A]A,T[T>A]A,1.5927220566636605e-05,0.00027910648360873465,R0
352,2306,T[T>G]A,T[T>G]A,0.00013221686455989462,0.0023169506560602204,R0
354,2309,T[C>A]A,T[C>A]A,9.633123286186018e-05,0.0016880956443893656,R0
355,2309,T[C>G]A,T[C>G]A,1.0685462824530146e-07,1.872506218023867e-06,R0
356,2311,A[G>T]A,T[C>A]T,0.0004356358198584444,0.007634023859090363,R0
357,2336,T[T>G]A,T[T>G]A,0.00013221686455989462,0.0023169506560602204,R0
358,2336,T[T>A]A,T[T>A]A,1.5927220566636605e-05,0.00027910648360873465,R0
359,2344,C[G>T]A,T[C>A]G,2.4610683699630226e-06,4.3127433050053765e-05,R0
360,2362,T[G>T]A,T[C>A]A,9.633123286186018e-05,0.0016880956443893656,R0
361,2365,G[C>T]A,G[C>T]A,2.705281226101724e-06,4.740698648775144e-05,R0
362,2368,G[G>T]G,C[C>A]C,3.0774222932405203e-06,5.3928336789955824e-05,R0
363,2374,C[G>T]A,T[C>A]G,2.4610683699630226e-06,4.3127433050053765e-05,R0
364,2377,G[C>T]A,G[C>T]A,2.705281226101724e-06,4.740698648775144e-05,R0
365,2388,A[T>G]G,A[T>G]G,1.1685035349363403e-05,0.00020476699707645813,R0
366,2388,A[T>A]G,A[T>A]G,2.28861552256634e-07,4.010539241064507e-06,R0
368,2397,A[T>A]G,A[T>A]G,2.28861552256634e-07,4.010539241064507e-06,R0
367,2397,A[T>G]G,A[T>G]G,1.1685035349363403e-05,0.00020476699707645813,R0
369,2413,T[C>T]G,T[C>T]G,0.00031277469834784503,0.005481021993285836,R0
370,2432,T[C>A]A,T[C>A]A,9.633123286186018e-05,0.0016880956443893656,R0
371,2432,T[C>G]A,T[C>G]A,1.0685462824530146e-07,1.872506218023867e-06,R0
372,2468,T[C>A]A,T[C>A]A,9.633123286186018e-05,0.0016880956443893656,R0
373,2468,T[C>G]A,T[C>G]A,1.0685462824530146e-07,1.872506218023867e-06,R0
374,2475,A[T>G]T,A[T>G]T,0.00022149160699843783,0.0038813893057824604,R0
375,2475,A[T>A]T,A[T>A]T,2.9143785813977567e-05,0.0005107118058391483,R0
376,2477,T[T>A]G,T[T>A]G,4.116240583680357e-06,7.213244961303375e-05,R0
378,2492,T[T>A]A,T[T>A]A,1.5927220566636605e-05,0.00027910648360873465,R0
377,2492,T[T>G]A,T[T>G]A,0.00013221686455989462,0.0023169506560602204,R0
379,2507,T[C>A]A,T[C>A]A,9.633123286186018e-05,0.0016880956443893656,R0
380,2507,T[C>G]A,T[C>G]A,1.0685462824530146e-07,1.872506218023867e-06,R0
381,2510,T[C>A]A,T[C>A]A,9.633123286186018e-05,0.0016880956443893656,R0
382,2510,T[C>G]A,T[C>G]A,1.0685462824530146e-07,1.872506218023867e-06,R0
383,2512,A[G>T]G,C[C>A]T,1.9645677529335254e-05,0.00034426822623464214,R0
384,2515,A[G>T]G,C[C>A]T,1.9645677529335254e-05,0.00034426822623464214,R0
385,2522,T[T>G]A,T[T>G]A,0.00013221686455989462,0.0023169506560602204,R0
386,2522,T[T>A]A,T[T>A]A,1.5927220566636605e-05,0.00027910648360873465,R0
387,2539,T[G>T]A,T[C>A]A,9.633123286186018e-05,0.0016880956443893656,R0
388,2542,A[G>T]A,T[C>A]T,0.0004356358198584444,0.007634023859090363,R0
389,2548,T[G>T]G,C[C>A]A,5.4951935986491646e-06,9.629703786993398e-05,R0
390,2555,T[T>A]G,T[T>A]G,4.116240583680357e-06,7.213244961303375e-05,R0
391,2557,G[G>T]A,T[C>A]C,1.0755988636426527e-05,0.00018848650670017506,R0
392,2560,G[G>T]G,C[C>A]C,3.0774222932405203e-06,5.3928336789955824e-05,R0
393,2563,A[G>T]A,T[C>A]T,0.0004356358198584444,0.007634023859090363,R0
394,2569,C[G>T]G,C[C>A]G,1.536721464364397e-07,2.6929301469163126e-06,R0
395,2589,A[C>A]C,A[C>A]C,8.97730039349224e-06,0.00015731701175631098,R0
396,2589,A[C>G]C,A[C>G]C,2.9809721715946297e-07,5.223815775441152e-06,R0
397,2602,A[G>T]A,T[C>A]T,0.0004356358198584444,0.007634023859090363,R0
398,2611,A[G>T]G,C[C>A]T,1.9645677529335254e-05,0.00034426822623464214,R0
399,2621,T[C>A]A,T[C>A]A,9.633123286186018e-05,0.0016880956443893656,R0
400,2621,T[C>G]A,T[C>G]A,1.0685462824530146e-07,1.872506218023867e-06,R0
401,2623,A[G>T]A,T[C>A]T,0.0004356358198584444,0.007634023859090363,R0
402,2626,G[C>T]G,G[C>T]G,7.115462165156175e-05,0.001246904075861063,R0
403,2633,T[T>A]G,T[T>A]G,4.116240583680357e-06,7.213244961303375e-05,R0
404,2635,G[C>T]A,G[C>T]A,2.705281226101724e-06,4.740698648775144e-05,R0
405,2656,C[C>T]A,C[C>T]A,3.0475338046587114e-07,5.340457491238611e-06,R0
406,2665,C[G>T]A,T[C>A]G,2.4610683699630226e-06,4.3127433050053765e-05,R0
407,2674,G[G>T]A,T[C>A]C,1.0755988636426527e-05,0.00018848650670017506,R0
408,2677,A[G>T]A,T[C>A]T,0.0004356358198584444,0.007634023859090363,R0
409,2684,T[C>A]A,T[C>A]A,9.633123286186018e-05,0.0016880956443893656,R0
410,2684,T[C>G]A,T[C>G]A,1.0685462824530146e-07,1.872506218023867e-06,R0
411,2701,T[C>T]A,T[C>T]A,3.706237697160727e-06,6.494761385043777e-05,R0
412,2704,G[G>T]A,T[C>A]C,1.0755988636426527e-05,0.00018848650670017506,R0
413,2710,C[G>T]G,C[C>A]G,1.536721464364397e-07,2.6929301469163126e-06,R0
414,2731,T[G>T]A,T[C>A]A,9.633123286186018e-05,0.0016880956443893656,R0
415,2735,T[T>G]A,T[T>G]A,0.00013221686455989462,0.0023169506560602204,R0
416,2735,T[T>A]A,T[T>A]A,1.5927220566636605e-05,0.00027910648360873465,R0
417,2742,G[T>A]G,G[T>A]G,5.789200923710754e-07,1.0144918292310437e-05,R0
418,2752,T[G>T]A,T[C>A]A,9.633123286186018e-05,0.0016880956443893656,R0
419,2755,G[G>T]G,C[C>A]C,3.0774222932405203e-06,5.3928336789955824e-05,R0
420,2767,T[G>T]G,C[C>A]A,5.4951935986491646e-06,9.629703786993398e-05,R0
421,2770,A[G>T]G,C[C>A]T,1.9645677529335254e-05,0.00034426822623464214,R0
422,2795,T[C>A]A,T[C>A]A,9.633123286186018e-05,0.0016880956443893656,R0
423,2795,T[C>G]A,T[C>G]A,1.0685462824530146e-07,1.872506218023867e-06,R0
425,2805,A[C>G]A,A[C>G]A,2.5325613261023814e-07,4.438026605424087e-06,R0
424,2805,A[C>A]A,A[C>A]A,3.305631943484524e-06,5.7927452187315684e-05,R0
426,2815,T[G>T]A,T[C>A]A,9.633123286186018e-05,0.0016880956443893656,R0
427,2819,T[C>A]G,T[C>A]G,2.4610683699630226e-06,4.3127433050053765e-05,R0
428,2821,G[G>T]A,T[C>A]C,1.0755988636426527e-05,0.00018848650670017506,R0
429,2828,T[C>A]A,T[C>A]A,9.633123286186018e-05,0.0016880956443893656,R0
430,2828,T[C>G]A,T[C>G]A,1.0685462824530146e-07,1.872506218023867e-06,R0
431,2841,G[T>A]T,G[T>A]T,2.975139356544144e-06,5.2135944283362374e-05,R0
432,2853,A[T>G]G,A[T>G]G,1.1685035349363403e-05,0.00020476699707645813,R0
433,2853,A[T>A]G,A[T>A]G,2.28861552256634e-07,4.010539241064507e-06,R0
434,2857,C[G>T]A,T[C>A]G,2.4610683699630226e-06,4.3127433050053765e-05,R0
436,2861,T[T>A]A,T[T>A]A,1.5927220566636605e-05,0.00027910648360873465,R0
435,2861,T[T>G]A,T[T>G]A,0.00013221686455989462,0.0023169506560602204,R0
437,2863,A[G>T]A,T[C>A]T,0.0004356358198584444,0.007634023859090363,R0
438,2868,A[C>A]A,A[C>A]A,3.305631943484524e-06,5.7927452187315684e-05,R0
439,2868,A[C>G]A,A[C>G]A,2.5325613261023814e-07,4.438026605424087e-06,R0
440,2869,C[G>T]A,T[C>A]G,2.4610683699630226e-06,4.3127433050053765e-05,R0
441,2872,G[G>T]G,C[C>A]C,3.0774222932405203e-06,5.3928336789955824e-05,R0
442,2879,T[C>A]A,T[C>A]A,9.633123286186018e-05,0.0016880956443893656,R0
443,2879,T[C>G]A,T[C>G]A,1.0685462824530146e-07,1.872506218023867e-06,R0
444,2891,T[T>G]A,T[T>G]A,0.00013221686455989462,0.0023169506560602204,R0
445,2891,T[T>A]A,T[T>A]A,1.5927220566636605e-05,0.00027910648360873465,R0
447,2919,A[T>A]G,A[T>A]G,2.28861552256634e-07,4.010539241064507e-06,R0
446,2919,A[T>G]G,A[T>G]G,1.1685035349363403e-05,0.00020476699707645813,R0
448,2923,T[G>T]A,T[C>A]A,9.633123286186018e-05,0.0016880956443893656,R0
449,2926,A[G>T]G,C[C>A]T,1.9645677529335254e-05,0.00034426822623464214,R0
450,2932,T[C>T]A,T[C>T]A,3.706237697160727e-06,6.494761385043777e-05,R0
451,2938,G[G>T]A,T[C>A]C,1.0755988636426527e-05,0.00018848650670017506,R0
452,2945,T[C>A]G,T[C>A]G,2.4610683699630226e-06,4.3127433050053765e-05,R0
453,2950,T[G>T]A,T[C>A]A,9.633123286186018e-05,0.0016880956443893656,R0
454,2958,A[T>G]T,A[T>G]T,0.00022149160699843783,0.0038813893057824604,R0
455,2958,A[T>A]T,A[T>A]T,2.9143785813977567e-05,0.0005107118058391483,R0
456,2962,T[G>T]A,T[C>A]A,9.633123286186018e-05,0.0016880956443893656,R0
457,2971,T[G>T]A,T[C>A]A,9.633123286186018e-05,0.0016880956443893656,R0
458,2977,T[G>T]A,T[C>A]A,9.633123286186018e-05,0.0016880956443893656,R0
459,2985,G[C>A]A,G[C>A]A,2.393721219775862e-06,4.194725059504447e-05,R0
460,2991,A[T>G]G,A[T>G]G,1.1685035349363403e-05,0.00020476699707645813,R0
461,2991,A[T>A]G,A[T>A]G,2.28861552256634e-07,4.010539241064507e-06,R0
462,2995,T[C>T]A,T[C>T]A,3.706237697160727e-06,6.494761385043777e-05,R0
463,3000,A[C>A]C,A[C>A]C,8.97730039349224e-06,0.00015731701175631098,R0
464,3000,A[C>G]C,A[C>G]C,2.9809721715946297e-07,5.223815775441152e-06,R0
465,3019,T[G>T]A,T[C>A]A,9.633123286186018e-05,0.0016880956443893656,R0
466,3055,T[G>T]G,C[C>A]A,5.4951935986491646e-06,9.629703786993398e-05,R0
467,3058,A[G>T]A,T[C>A]T,0.0004356358198584444,0.007634023859090363,R0
468,3081,A[T>G]A,A[T>G]A,2.4242931843792514e-05,0.0004248298961502997,R0
469,3081,A[T>A]A,A[T>A]A,3.184747151295238e-06,5.5809083252286284e-05,R0
470,3088,T[G>T]A,T[C>A]A,9.633123286186018e-05,0.0016880956443893656,R0
471,3093,A[T>G]T,A[T>G]T,0.00022149160699843783,0.0038813893057824604,R0
472,3093,A[T>A]T,A[T>A]T,2.9143785813977567e-05,0.0005107118058391483,R0
473,3095,T[C>A]A,T[C>A]A,9.633123286186018e-05,0.0016880956443893656,R0
474,3095,T[C>G]A,T[C>G]A,1.0685462824530146e-07,1.872506218023867e-06,R0
475,3100,T[G>T]A,T[C>A]A,9.633123286186018e-05,0.0016880956443893656,R0
476,3103,G[C>T]A,G[C>T]A,2.705281226101724e-06,4.740698648775144e-05,R0
477,3107,T[T>A]G,T[T>A]G,4.116240583680357e-06,7.213244961303375e-05,R0
478,3115,T[G>T]G,C[C>A]A,5.4951935986491646e-06,9.629703786993398e-05,R0
479,3121,G[C>T]A,G[C>T]A,2.705281226101724e-06,4.740698648775144e-05,R0
480,3131,T[C>A]A,T[C>A]A,9.633123286186018e-05,0.0016880956443893656,R0
481,3131,T[C>G]A,T[C>G]A,1.0685462824530146e-07,1.872506218023867e-06,R0
482,3133,A[C>T]A,A[C>T]A,2.0592204322864285e-06,3.6085503520599094e-05,R0
483,3139,T[G>T]A,T[C>A]A,9.633123286186018e-05,0.0016880956443893656,R0
484,3142,A[G>T]G,C[C>A]T,1.9645677529335254e-05,0.00034426822623464214,R0
485,3146,T[G>A]G,C[C>T]A,3.0475338046587114e-07,5.340457491238611e-06,R0
486,3147,G[G>A]G,C[C>T]C,2.7027504907652153e-07,4.736263822009469e-06,R0
487,3151,A[G>T]G,C[C>A]T,1.9645677529335254e-05,0.00034426822623464214,R0
488,3157,C[G>T]A,T[C>A]G,2.4610683699630226e-06,4.3127433050053765e-05,R0
489,3169,A[G>T]A,T[C>A]T,0.0004356358198584444,0.007634023859090363,R0
490,3175,T[G>T]A,T[C>A]A,9.633123286186018e-05,0.0016880956443893656,R0
491,3181,A[G>T]A,T[C>A]T,0.0004356358198584444,0.007634023859090363,R0
492,3184,A[C>T]A,A[C>T]A,2.0592204322864285e-06,3.6085503520599094e-05,R0
493,3190,T[G>T]A,T[C>A]A,9.633123286186018e-05,0.0016880956443893656,R0
494,3193,G[C>T]A,G[C>T]A,2.705281226101724e-06,4.740698648775144e-05,R0
495,3196,A[G>T]G,C[C>A]T,1.9645677529335254e-05,0.00034426822623464214,R0
496,3199,A[C>T]A,A[C>T]A,2.0592204322864285e-06,3.6085503520599094e-05,R0
497,3203,T[C>A]A,T[C>A]A,9.633123286186018e-05,0.0016880956443893656,R0
498,3203,T[C>G]A,T[C>G]A,1.0685462824530146e-07,1.872506218023867e-06,R0
499,3211,T[C>T]A,T[C>T]A,3.706237697160727e-06,6.494761385043777e-05,R0
500,3225,A[T>G]C,A[T>G]C,3.666165138723786e-05,0.0006424538769442101,R0
501,3225,A[T>A]C,A[T>A]C,2.1330171501892855e-06,3.7378707337897754e-05,R0
502,3234,A[T>G]A,A[T>G]A,2.4242931843792514e-05,0.0004248298961502997,R0
503,3234,A[T>A]A,A[T>A]A,3.184747151295238e-06,5.5809083252286284e-05,R0
504,3238,T[G>T]A,T[C>A]A,9.633123286186018e-05,0.0016880956443893656,R0
505,3253,T[G>T]A,T[C>A]A,9.633123286186018e-05,0.0016880956443893656,R0
506,3262,C[G>T]A,T[C>A]G,2.4610683699630226e-06,4.3127433050053765e-05,R0
507,3268,C[C>T]A,C[C>T]A,3.0475338046587114e-07,5.340457491238611e-06,R0
508,3280,T[G>T]G,C[C>A]A,5.4951935986491646e-06,9.629703786993398e-05,R0
509,3283,A[C>T]A,A[C>T]A,2.0592204322864285e-06,3.6085503520599094e-05,R0
510,3286,G[C>T]A,G[C>T]A,2.705281226101724e-06,4.740698648775144e-05,R0
511,3289,G[G>T]A,T[C>A]C,1.0755988636426527e-05,0.00018848650670017506,R0
512,3294,G[T>A]G,G[T>A]G,5.789200923710754e-07,1.0144918292310437e-05,R0
513,3306,A[C>A]A,A[C>A]A,3.305631943484524e-06,5.7927452187315684e-05,R0
514,3306,A[C>G]A,A[C>G]A,2.5325613261023814e-07,4.438026605424087e-06,R0
516,3311,T[C>G]A,T[C>G]A,1.0685462824530146e-07,1.872506218023867e-06,R0
515,3311,T[C>A]A,T[C>A]A,9.633123286186018e-05,0.0016880956443893656,R0
517,3316,G[G>T]G,C[C>A]C,3.0774222932405203e-06,5.3928336789955824e-05,R0
518,3329,T[C>A]A,T[C>A]A,9.633123286186018e-05,0.0016880956443893656,R0
519,3329,T[C>G]A,T[C>G]A,1.0685462824530146e-07,1.872506218023867e-06,R0
520,3331,A[G>T]A,T[C>A]T,0.0004356358198584444,0.007634023859090363,R0
521,3340,T[C>T]G,T[C>T]G,0.00031277469834784503,0.005481021993285836,R0
522,3358,T[G>T]G,C[C>A]A,5.4951935986491646e-06,9.629703786993398e-05,R0
523,3367,T[C>T]A,T[C>T]A,3.706237697160727e-06,6.494761385043777e-05,R0
524,3379,C[C>T]A,C[C>T]A,3.0475338046587114e-07,5.340457491238611e-06,R0
525,3386,T[T>A]G,T[T>A]G,4.116240583680357e-06,7.213244961303375e-05,R0
526,3390,G[T>A]C,G[T>A]C,6.516468888347432e-07,1.1419372949366082e-05,R0
527,3391,T[C>T]A,T[C>T]A,3.706237697160727e-06,6.494761385043777e-05,R0
528,3394,A[G>T]A,T[C>A]T,0.0004356358198584444,0.007634023859090363,R0
529,3405,A[T>G]G,A[T>G]G,1.1685035349363403e-05,0.00020476699707645813,R0
530,3405,A[T>A]G,A[T>A]G,2.28861552256634e-07,4.010539241064507e-06,R0
531,3406,T[G>T]A,T[C>A]A,9.633123286186018e-05,0.0016880956443893656,R0
532,3415,T[G>T]A,T[C>A]A,9.633123286186018e-05,0.0016880956443893656,R0
533,3429,A[T>G]A,A[T>G]A,2.4242931843792514e-05,0.0004248298961502997,R0
534,3429,A[T>A]A,A[T>A]A,3.184747151295238e-06,5.5809083252286284e-05,R0
535,3433,T[G>T]A,T[C>A]A,9.633123286186018e-05,0.0016880956443893656,R0
536,3441,A[C>A]T,A[C>A]T,1.8692213334068737e-05,0.00032755984716283364,R0
537,3441,A[C>G]T,A[C>G]T,4.055264410378625e-08,7.106391130511245e-07,R0
538,3445,T[G>T]A,T[C>A]A,9.633123286186018e-05,0.0016880956443893656,R0
539,3448,A[G>T]A,T[C>A]T,0.0004356358198584444,0.007634023859090363,R0
540,3451,A[G>T]A,T[C>A]T,0.0004356358198584444,0.007634023859090363,R0
541,3454,A[C>T]A,A[C>T]A,2.0592204322864285e-06,3.6085503520599094e-05,R0
542,3460,T[G>T]A,T[C>A]A,9.633123286186018e-05,0.0016880956443893656,R0
543,3463,A[G>T]A,T[C>A]T,0.0004356358198584444,0.007634023859090363,R0
544,3466,A[G>T]A,T[C>A]T,0.0004356358198584444,0.007634023859090363,R0
545,3469,A[G>T]A,T[C>A]T,0.0004356358198584444,0.007634023859090363,R0
546,3472,G[G>T]G,C[C>A]C,3.0774222932405203e-06,5.3928336789955824e-05,R0
547,3486,A[T>G]A,A[T>G]A,2.4242931843792514e-05,0.0004248298961502997,R0
548,3486,A[T>A]A,A[T>A]A,3.184747151295238e-06,5.5809083252286284e-05,R0
549,3493,A[G>T]A,T[C>A]T,0.0004356358198584444,0.007634023859090363,R0
550,3498,A[T>G]A,A[T>G]A,2.4242931843792514e-05,0.0004248298961502997,R0
551,3498,A[T>A]A,A[T>A]A,3.184747151295238e-06,5.5809083252286284e-05,R0
552,3502,T[G>T]A,T[C>A]A,9.633123286186018e-05,0.0016880956443893656,R0
553,3505,A[G>T]A,T[C>A]T,0.0004356358198584444,0.007634023859090363,R0
554,3508,G[G>T]A,T[C>A]C,1.0755988636426527e-05,0.00018848650670017506,R0
555,3523,T[C>T]A,T[C>T]A,3.706237697160727e-06,6.494761385043777e-05,R0
556,3537,A[T>G]A,A[T>G]A,2.4242931843792514e-05,0.0004248298961502997,R0
557,3537,A[T>A]A,A[T>A]A,3.184747151295238e-06,5.5809083252286284e-05,R0
558,3542,T[T>G]A,T[T>G]A,0.00013221686455989462,0.0023169506560602204,R0
559,3542,T[T>A]A,T[T>A]A,1.5927220566636605e-05,0.00027910648360873465,R0
560,3544,A[G>T]A,T[C>A]T,0.0004356358198584444,0.007634023859090363,R0
561,3549,A[T>G]G,A[T>G]G,1.1685035349363403e-05,0.00020476699707645813,R0
562,3549,A[T>A]G,A[T>A]G,2.28861552256634e-07,4.010539241064507e-06,R0
564,3566,T[C>G]A,T[C>G]A,1.0685462824530146e-07,1.872506218023867e-06,R0
563,3566,T[C>A]A,T[C>A]A,9.633123286186018e-05,0.0016880956443893656,R0
565,3569,T[C>A]A,T[C>A]A,9.633123286186018e-05,0.0016880956443893656,R0
566,3569,T[C>G]A,T[C>G]A,1.0685462824530146e-07,1.872506218023867e-06,R0
567,3571,A[C>T]A,A[C>T]A,2.0592204322864285e-06,3.6085503520599094e-05,R0
568,3574,G[G>T]A,T[C>A]C,1.0755988636426527e-05,0.00018848650670017506,R0
569,3577,A[C>T]A,A[C>T]A,2.0592204322864285e-06,3.6085503520599094e-05,R0
570,3581,T[C>A]A,T[C>A]A,9.633123286186018e-05,0.0016880956443893656,R0
571,3581,T[C>G]A,T[C>G]A,1.0685462824530146e-07,1.872506218023867e-06,R0
572,3587,T[C>A]A,T[C>A]A,9.633123286186018e-05,0.0016880956443893656,R0
573,3587,T[C>G]A,T[C>G]A,1.0685462824530146e-07,1.872506218023867e-06,R0
575,3593,T[C>G]A,T[C>G]A,1.0685462824530146e-07,1.872506218023867e-06,R0
574,3593,T[C>A]A,T[C>A]A,9.633123286186018e-05,0.0016880956443893656,R0
576,3595,A[G>T]A,T[C>A]T,0.0004356358198584444,0.007634023859090363,R0
577,3602,T[C>A]A,T[C>A]A,9.633123286186018e-05,0.0016880956443893656,R0
578,3602,T[C>G]A,T[C>G]A,1.0685462824530146e-07,1.872506218023867e-06,R0
579,3607,T[G>T]G,C[C>A]A,5.4951935986491646e-06,9.629703786993398e-05,R0
580,3610,A[C>T]A,A[C>T]A,2.0592204322864285e-06,3.6085503520599094e-05,R0
581,3619,T[G>T]A,T[C>A]A,9.633123286186018e-05,0.0016880956443893656,R0
582,3625,C[G>T]A,T[C>A]G,2.4610683699630226e-06,4.3127433050053765e-05,R0
583,3638,T[C>A]A,T[C>A]A,9.633123286186018e-05,0.0016880956443893656,R0
584,3638,T[C>G]A,T[C>G]A,1.0685462824530146e-07,1.872506218023867e-06,R0
585,3646,T[G>T]A,T[C>A]A,9.633123286186018e-05,0.0016880956443893656,R0
587,3665,T[C>G]A,T[C>G]A,1.0685462824530146e-07,1.872506218023867e-06,R0
586,3665,T[C>A]A,T[C>A]A,9.633123286186018e-05,0.0016880956443893656,R0
588,3676,C[G>T]A,T[C>A]G,2.4610683699630226e-06,4.3127433050053765e-05,R0
589,3682,G[C>T]A,G[C>T]A,2.705281226101724e-06,4.740698648775144e-05,R0
590,3688,T[C>T]A,T[C>T]A,3.706237697160727e-06,6.494761385043777e-05,R0
591,3709,A[C>T]A,A[C>T]A,2.0592204322864285e-06,3.6085503520599094e-05,R0
592,3715,T[G>T]G,C[C>A]A,5.4951935986491646e-06,9.629703786993398e-05,R0
593,3724,T[C>T]A,T[C>T]A,3.706237697160727e-06,6.494761385043777e-05,R0
594,3730,T[C>T]A,T[C>T]A,3.706237697160727e-06,6.494761385043777e-05,R0
595,3733,A[G>T]A,T[C>A]T,0.0004356358198584444,0.007634023859090363,R0
596,3747,G[C>A]A,G[C>A]A,2.393721219775862e-06,4.194725059504447e-05,R0
597,3748,C[G>T]A,T[C>A]G,2.4610683699630226e-06,4.3127433050053765e-05,R0
598,3766,C[C>T]A,C[C>T]A,3.0475338046587114e-07,5.340457491238611e-06,R0
599,3769,A[G>T]A,T[C>A]T,0.0004356358198584444,0.007634023859090363,R1
600,3778,A[C>T]A,A[C>T]A,2.0592204322864285e-06,3.6085503520599094e-05,R1
601,3786,A[T>G]T,A[T>G]T,0.00022149160699843783,0.0038813893057824604,R1
602,3786,A[T>A]T,A[T>A]T,2.9143785813977567e-05,0.0005107118058391483,R1
603,3789,G[T>A]G,G[T>A]G,5.789200923710754e-07,1.0144918292310437e-05,R1
604,3793,A[G>T]A,T[C>A]T,0.0004356358198584444,0.007634023859090363,R1
605,3810,G[T>A]T,G[T>A]T,2.975139356544144e-06,5.2135944283362374e-05,R1
606,3815,T[C>A]A,T[C>A]A,9.633123286186018e-05,0.0016880956443893656,R1
607,3815,T[C>G]A,T[C>G]A,1.0685462824530146e-07,1.872506218023867e-06,R1
608,3817,A[G>T]G,C[C>A]T,1.9645677529335254e-05,0.00034426822623464214,R1
609,3822,G[T>A]A,G[T>A]A,3.776025750503345e-07,6.617057036597438e-06,R1
610,3827,T[C>A]A,T[C>A]A,9.633123286186018e-05,0.0016880956443893656,R1
611,3827,T[C>G]A,T[C>G]A,1.0685462824530146e-07,1.872506218023867e-06,R1
612,3830,T[T>G]A,T[T>G]A,0.00013221686455989462,0.0023169506560602204,R1
613,3830,T[T>A]A,T[T>A]A,1.5927220566636605e-05,0.00027910648360873465,R1
614,3833,T[C>A]A,T[C>A]A,9.633123286186018e-05,0.0016880956443893656,R1
615,3833,T[C>G]A,T[C>G]A,1.0685462824530146e-07,1.872506218023867e-06,R1
616,3839,T[T>A]G,T[T>A]G,4.116240583680357e-06,7.213244961303375e-05,R1
617,3842,T[C>A]A,T[C>A]A,9.633123286186018e-05,0.0016880956443893656,R1
618,3842,T[C>G]A,T[C>G]A,1.0685462824530146e-07,1.872506218023867e-06,R1
620,3845,T[C>G]A,T[C>G]A,1.0685462824530146e-07,1.872506218023867e-06,R1
619,3845,T[C>A]A,T[C>A]A,9.633123286186018e-05,0.0016880956443893656,R1
621,3850,T[G>T]A,T[C>A]A,9.633123286186018e-05,0.0016880956443893656,R1
622,3856,T[G>T]A,T[C>A]A,9.633123286186018e-05,0.0016880956443893656,R1
623,3862,A[G>T]G,C[C>A]T,1.9645677529335254e-05,0.00034426822623464214,R1
624,3867,G[T>A]A,G[T>A]A,3.776025750503345e-07,6.617057036597438e-06,R1
625,3871,T[C>T]A,T[C>T]A,3.706237697160727e-06,6.494761385043777e-05,R1
626,3880,A[C>T]A,A[C>T]A,2.0592204322864285e-06,3.6085503520599094e-05,R1
627,3883,G[G>T]A,T[C>A]C,1.0755988636426527e-05,0.00018848650670017506,R1
628,3907,G[C>T]A,G[C>T]A,2.705281226101724e-06,4.740698648775144e-05,R1
629,3916,A[G>T]A,T[C>A]T,0.0004356358198584444,0.007634023859090363,R1
630,3922,A[G>T]A,T[C>A]T,0.0004356358198584444,0.007634023859090363,R1
631,3925,A[G>T]A,T[C>A]T,0.0004356358198584444,0.007634023859090363,R1
632,3928,A[G>T]A,T[C>A]T,0.0004356358198584444,0.007634023859090363,R1
633,3934,T[G>T]G,C[C>A]A,5.4951935986491646e-06,9.629703786993398e-05,R1
634,3944,T[C>A]A,T[C>A]A,9.633123286186018e-05,0.0016880956443893656,R1
635,3944,T[C>G]A,T[C>G]A,1.0685462824530146e-07,1.872506218023867e-06,R1
636,3949,T[G>T]A,T[C>A]A,9.633123286186018e-05,0.0016880956443893656,R1
637,3964,C[G>T]A,T[C>A]G,2.4610683699630226e-06,4.3127433050053765e-05,R1
638,3980,T[C>A]A,T[C>A]A,9.633123286186018e-05,0.0016880956443893656,R1
639,3980,T[C>G]A,T[C>G]A,1.0685462824530146e-07,1.872506218023867e-06,R1
640,3982,A[C>T]A,A[C>T]A,2.0592204322864285e-06,3.6085503520599094e-05,R1
641,3991,T[G>T]G,C[C>A]A,5.4951935986491646e-06,9.629703786993398e-05,R1
642,3997,C[G>T]A,T[C>A]G,2.4610683699630226e-06,4.3127433050053765e-05,R1
643,4006,C[G>T]G,C[C>A]G,1.536721464364397e-07,2.6929301469163126e-06,R1
644,4012,G[C>T]A,G[C>T]A,2.705281226101724e-06,4.740698648775144e-05,R1
645,4025,T[T>G]A,T[T>G]A,0.00013221686455989462,0.0023169506560602204,R1
646,4025,T[T>A]A,T[T>A]A,1.5927220566636605e-05,0.00027910648360873465,R1
647,4031,T[C>A]A,T[C>A]A,9.633123286186018e-05,0.0016880956443893656,R1
648,4031,T[C>G]A,T[C>G]A,1.0685462824530146e-07,1.872506218023867e-06,R1
649,4033,A[G>T]A,T[C>A]T,0.0004356358198584444,0.007634023859090363,R1
650,4037,T[C>A]A,T[C>A]A,9.633123286186018e-05,0.0016880956443893656,R1
651,4037,T[C>G]A,T[C>G]A,1.0685462824530146e-07,1.872506218023867e-06,R1
652,4048,C[G>T]A,T[C>A]G,2.4610683699630226e-06,4.3127433050053765e-05,R1
653,4057,T[G>T]A,T[C>A]A,9.633123286186018e-05,0.0016880956443893656,R1
655,4067,T[C>G]A,T[C>G]A,1.0685462824530146e-07,1.872506218023867e-06,R1
654,4067,T[C>A]A,T[C>A]A,9.633123286186018e-05,0.0016880956443893656,R1
656,4069,A[G>T]G,C[C>A]T,1.9645677529335254e-05,0.00034426822623464214,R1
657,4075,G[G>T]A,T[C>A]C,1.0755988636426527e-05,0.00018848650670017506,R1
658,4087,C[G>T]A,T[C>A]G,2.4610683699630226e-06,4.3127433050053765e-05,R1
659,4099,T[C>T]A,T[C>T]A,3.706237697160727e-06,6.494761385043777e-05,R1
660,4108,C[G>T]A,T[C>A]G,2.4610683699630226e-06,4.3127433050053765e-05,R1
661,4120,T[G>T]A,T[C>A]A,9.633123286186018e-05,0.0016880956443893656,R2
662,4128,A[T>G]G,A[T>G]G,1.1685035349363403e-05,0.00020476699707645813,R2
663,4128,A[T>A]G,A[T>A]G,2.28861552256634e-07,4.010539241064507e-06,R2
664,4132,T[C>T]A,T[C>T]A,3.706237697160727e-06,6.494761385043777e-05,R2
665,4135,G[G>T]A,T[C>A]C,1.0755988636426527e-05,0.00018848650670017506,R2
666,4156,C[G>T]G,C[C>A]G,1.536721464364397e-07,2.6929301469163126e-06,R2
667,4161,G[T>A]A,G[T>A]A,3.776025750503345e-07,6.617057036597438e-06,R2
668,4175,T[C>A]A,T[C>A]A,9.633123286186018e-05,0.0016880956443893656,R2
669,4175,T[C>G]A,T[C>G]A,1.0685462824530146e-07,1.872506218023867e-06,R2
670,4189,T[G>T]A,T[C>A]A,9.633123286186018e-05,0.0016880956443893656,R2
671,4199,T[C>A]G,T[C>A]G,2.4610683699630226e-06,4.3127433050053765e-05,R2
672,4216,T[C>T]A,T[C>T]A,3.706237697160727e-06,6.494761385043777e-05,R2
673,4222,T[G>T]A,T[C>A]A,9.633123286186018e-05,0.0016880956443893656,R2
674,4230,G[C>A]A,G[C>A]A,2.393721219775862e-06,4.194725059504447e-05,R2
675,4234,T[G>T]G,C[C>A]A,5.4951935986491646e-06,9.629703786993398e-05,R2
676,4282,T[G>T]G,C[C>A]A,5.4951935986491646e-06,9.629703786993398e-05,R2
677,4285,A[C>T]A,A[C>T]A,2.0592204322864285e-06,3.6085503520599094e-05,R2
678,4303,C[G>T]G,C[C>A]G,1.536721464364397e-07,2.6929301469163126e-06,R2
679,4309,T[G>T]A,T[C>A]A,9.633123286186018e-05,0.0016880956443893656,R2
680,4330,T[C>T]A,T[C>T]A,3.706237697160727e-06,6.494761385043777e-05,R2
681,4339,T[C>T]A,T[C>T]A,3.706237697160727e-06,6.494761385043777e-05,R2
682,4345,C[G>T]A,T[C>A]G,2.4610683699630226e-06,4.3127433050053765e-05,R2
683,4348,G[C>T]G,G[C>T]G,7.115462165156175e-05,0.001246904075861063,R2
684,4351,A[G>T]A,T[C>A]T,0.0004356358198584444,0.007634023859090363,R2
685,4360,T[G>T]A,T[C>A]A,9.633123286186018e-05,0.0016880956443893656,R2
686,4366,T[G>T]A,T[C>A]A,9.633123286186018e-05,0.0016880956443893656,R2
687,4381,T[G>T]A,T[C>A]A,9.633123286186018e-05,0.0016880956443893656,R2
688,4384,A[G>T]A,T[C>A]T,0.0004356358198584444,0.007634023859090363,R2
689,4387,G[G>T]G,C[C>A]C,3.0774222932405203e-06,5.3928336789955824e-05,R2
690,4390,A[G>T]A,T[C>A]T,0.0004356358198584444,0.007634023859090363,R2
691,4396,T[G>T]G,C[C>A]A,5.4951935986491646e-06,9.629703786993398e-05,R2
692,4402,T[G>T]A,T[C>A]A,9.633123286186018e-05,0.0016880956443893656,R2
693,4405,G[C>T]A,G[C>T]A,2.705281226101724e-06,4.740698648775144e-05,R2
694,4429,T[C>T]A,T[C>T]A,3.706237697160727e-06,6.494761385043777e-05,R2
695,4438,C[C>T]A,C[C>T]A,3.0475338046587114e-07,5.340457491238611e-06,R2
696,4463,T[T>G]A,T[T>G]A,0.00013221686455989462,0.0023169506560602204,R3
697,4463,T[T>A]A,T[T>A]A,1.5927220566636605e-05,0.00027910648360873465,R3
698,4466,T[T>G]A,T[T>G]A,0.00013221686455989462,0.0023169506560602204,R3
699,4466,T[T>A]A,T[T>A]A,1.5927220566636605e-05,0.00027910648360873465,R3
700,4480,G[G>T]A,T[C>A]C,1.0755988636426527e-05,0.00018848650670017506,R3
701,4495,T[G>T]G,C[C>A]A,5.4951935986491646e-06,9.629703786993398e-05,R3
702,4506,G[T>A]T,G[T>A]T,2.975139356544144e-06,5.2135944283362374e-05,R3
703,4508,T[C>A]A,T[C>A]A,9.633123286186018e-05,0.0016880956443893656,R3
704,4508,T[C>G]A,T[C>G]A,1.0685462824530146e-07,1.872506218023867e-06,R3
705,4537,T[G>T]A,T[C>A]A,9.633123286186018e-05,0.0016880956443893656,R3
706,4549,A[C>T]A,A[C>T]A,2.0592204322864285e-06,3.6085503520599094e-05,R3
707,4552,G[G>T]A,T[C>A]C,1.0755988636426527e-05,0.00018848650670017506,R3
708,4561,G[G>T]A,T[C>A]C,1.0755988636426527e-05,0.00018848650670017506,R3
709,4565,T[T>G]A,T[T>G]A,0.00013221686455989462,0.0023169506560602204,R3
710,4565,T[T>A]A,T[T>A]A,1.5927220566636605e-05,0.00027910648360873465,R3
711,4567,A[G>T]G,C[C>A]T,1.9645677529335254e-05,0.00034426822623464214,R3
712,4585,T[C>T]A,T[C>T]A,3.706237697160727e-06,6.494761385043777e-05,R3
713,4588,G[G>T]A,T[C>A]C,1.0755988636426527e-05,0.00018848650670017506,R3
714,4606,T[G>T]A,T[C>A]A,9.633123286186018e-05,0.0016880956443893656,R3
715,4612,A[G>T]A,T[C>A]T,0.0004356358198584444,0.007634023859090363,R3
716,4616,T[C>A]A,T[C>A]A,9.633123286186018e-05,0.0016880956443893656,R3
717,4616,T[C>G]A,T[C>G]A,1.0685462824530146e-07,1.872506218023867e-06,R3
718,4618,A[G>T]A,T[C>A]T,0.0004356358198584444,0.007634023859090363,R3
719,4621,G[C>T]A,G[C>T]A,2.705281226101724e-06,4.740698648775144e-05,R3
720,4627,T[G>T]A,T[C>A]A,9.633123286186018e-05,0.0016880956443893656,R3
721,4630,A[G>T]A,T[C>A]T,0.0004356358198584444,0.007634023859090363,R3
723,4634,T[C>G]A,T[C>G]A,1.0685462824530146e-07,1.872506218023867e-06,R3
722,4634,T[C>A]A,T[C>A]A,9.633123286186018e-05,0.0016880956443893656,R3
724,4639,T[G>T]A,T[C>A]A,9.633123286186018e-05,0.0016880956443893656,R3
725,4645,C[C>T]A,C[C>T]A,3.0475338046587114e-07,5.340457491238611e-06,R3
726,4648,A[G>T]A,T[C>A]T,0.0004356358198584444,0.007634023859090363,R3
727,4651,G[G>T]A,T[C>A]C,1.0755988636426527e-05,0.00018848650670017506,R3
728,4654,A[G>T]A,T[C>A]T,0.0004356358198584444,0.007634023859090363,R3
729,4660,A[G>T]A,T[C>A]T,0.0004356358198584444,0.007634023859090363,R3
730,4663,A[G>T]A,T[C>A]T,0.0004356358198584444,0.007634023859090363,R3
731,4678,T[G>T]A,T[C>A]A,9.633123286186018e-05,0.0016880956443893656,R3
732,4681,A[G>T]A,T[C>A]T,0.0004356358198584444,0.007634023859090363,R3
733,4691,T[T>G]A,T[T>G]A,0.00013221686455989462,0.0023169506560602204,R3
734,4691,T[T>A]A,T[T>A]A,1.5927220566636605e-05,0.00027910648360873465,R3
735,4700,T[C>A]A,T[C>A]A,9.633123286186018e-05,0.0016880956443893656,R3
736,4700,T[C>G]A,T[C>G]A,1.0685462824530146e-07,1.872506218023867e-06,R3
