MutationType,av_prob_polesigs
A[C>A]A,0.00138836541626351
A[C>A]C,0.0030073956318199
A[C>A]G,0.000181418968768586
A[C>A]T,0.00992556528039055
A[C>G]A,0.000106367575696335
A[C>G]C,9.98625677484201E-05
A[C>G]G,2.22524677307768E-16
A[C>G]T,2.15334540191105E-05
A[C>T]A,0.000864872581560377
A[C>T]C,0.00245582867304751
A[C>T]G,0.00482746762063483
A[C>T]T,0.00460314247580981
A[T>A]A,0.00046815783124049
A[T>A]C,0.000298622401026563
A[T>A]G,4.4399141137787E-05
A[T>A]T,0.00454643058698054
A[T>C]A,0.00257214140257302
A[T>C]C,0.00211956425052406
A[T>C]G,0.0013403877390126
A[T>C]T,0.00194476138196341
A[T>G]A,0.00356371098103755
A[T>G]C,0.00513263119421331
A[T>G]G,0.00226689685777658
A[T>G]T,0.0345526906917563
C[C>A]A,0.00230248611783404
C[C>A]C,0.000827826596881749
C[C>A]G,4.25671845628938E-05
C[C>A]T,0.0109229967063104
C[C>G]A,3.41611722747917E-05
C[C>G]C,1.95171161878047E-05
C[C>G]G,1.05179090827881E-05
C[C>G]T,1.57506996711872E-05
C[C>T]A,0.000127691666415294
C[C>T]C,7.27039882015843E-05
C[C>T]G,0.00146661020874871
C[C>T]T,0.00104197616731602
C[T>A]A,5.16626464328133E-05
C[T>A]C,0.000372113121003717
C[T>A]G,0.000208354909235098
C[T>A]T,0.000514076960918477
C[T>C]A,0.000693120001422328
C[T>C]C,0.000725901380949817
C[T>C]G,0.00119864111515087
C[T>C]T,0.000273999328285194
C[T>G]A,0.00390481554896074
C[T>G]C,0.00596391293652285
C[T>G]G,0.0041393491317708
C[T>G]T,0.0279305557400214
G[C>A]A,0.000833014984482047
G[C>A]C,0.0010509081051179
G[C>A]G,3.42979192772721E-05
G[C>A]T,0.00646026400980106
G[C>G]A,5.89089985611089E-05
G[C>G]C,7.31627347495868E-05
G[C>G]G,2.22524677307768E-16
G[C>G]T,4.31832086864637E-05
G[C>T]A,0.000941437866683422
G[C>T]C,0.00988474522744054
G[C>T]G,0.0106020386260827
G[C>T]T,0.0140519290112754
G[T>A]A,3.17186163042281E-05
G[T>A]C,5.73449262174574E-05
G[T>A]G,5.67341690523654E-05
G[T>A]T,0.000330240468576461
G[T>C]A,0.00448600893522567
G[T>C]C,0.00460106017212499
G[T>C]G,0.000490113942860047
G[T>C]T,0.0054976913269852
G[T>G]A,0.000511579523504359
G[T>G]C,0.00114037130766217
G[T>G]G,0.00118664491470561
G[T>G]T,0.00760767416284703
T[C>A]A,0.0529821780740231
T[C>A]C,0.00616318148867243
T[C>A]G,0.00076539226305855
T[C>A]T,0.368547903600244
T[C>G]A,5.87700455349158E-05
T[C>G]C,3.51566596229331E-05
T[C>G]G,6.35921931428345E-06
T[C>G]T,7.4955753981164E-05
T[C>T]A,0.00203843073343844
T[C>T]C,0.0130956611200362
T[C>T]G,0.0972729311861798
T[C>T]T,0.0403776530380257
T[T>A]A,0.00178384870346338
T[T>A]C,0.000656629412850126
T[T>A]G,0.000461018945372234
T[T>A]T,0.00457849199612586
T[T>C]A,0.0026540854368563
T[T>C]C,0.00325296369058785
T[T>C]G,0.000700214693221666
T[T>C]T,0.00223865431454881
T[T>G]A,0.0148082888307082
T[T>G]C,0.0104397574122092
T[T>G]G,0.00423266452478981
T[T>G]T,0.153550212639749
